{
    "-60565#1": {
        "10:00-16:00": 2.25,
        "5:00-9:00": 0.0,
        "16:00-21:00": 3.0555555555555554,
        "22:00-24:00": 5.0,
        "0:00-4:00": 0.0
    },
    "-61872": {
        "10:00-16:00": 4.055555555555555,
        "5:00-9:00": 5.027777777777778,
        "16:00-21:00": 0.8611111111111112,
        "22:00-24:00": 1.0555555555555556,
        "0:00-4:00": 4.305555555555555
    }
}